region,charges
southwest,16884.924
southeast,1725.5523
southeast,4449.462
northwest,21984.47061
northwest,3866.8552
southeast,3756.6216
southeast,8240.5896
northwest,7281.5056
northeast,6406.4107
northwest,28923.13692
northeast,2721.3208
southeast,27808.7251
southwest,1826.843
southeast,11090.7178
southeast,39611.7577
